<?xml version="1.0" encoding="UTF-8" ?>
<!DOCTYPE mapper PUBLIC "-//mybatis.org//DTD Mapper 3.0//EN" "http://mybatis.org/dtd/mybatis-3-mapper.dtd">
<mapper namespace="project.board.event.EventboardVO">

 	<insert id="evInsert" parameterType="ev_vo">
	 	insert into ev_board (ev_idx, ev_sellcvs, ev_subject, ev_content, ev_notice, ev_filename, id, nickname) 
	 	values (ev_board_idx_seq.nextval, #{ev_sellcvs}, #{ev_subject}, #{ev_content}, #{ev_notice}, #{ev_filename, jdbcType=VARCHAR}, #{id}, #{nickname})
 	</insert>
 	
 	 <select id="evSelectCount" resultType="int">
 		select count(*) from ev_board
 	</select>
 	
 	 <select id="evSelectList" parameterType="java.util.HashMap" resultType="ev_vo">
 		<![CDATA[
 		select * from (
 			select rownum rnum, GG.* from (
 				select * from ev_board order by ev_idx desc
 			) GG where rownum <= #{endNo}
 		) where rnum >= #{startNo}		
 		]]>
 	</select>
 	
 	<update id="evIncrement" parameterType="int">
 		update ev_board set ev_hit = ev_hit + 1 where ev_idx = #{ev_idx}
 	</update>
 	
 	<select id="evSelectByIdx" parameterType="int" resultType="ev_vo">
 		select * from ev_board where ev_idx = #{ev_idx}
 	</select>
 	
 	<delete id="evDelete" parameterType="int">
		delete from ev_board where ev_idx = #{ev_idx} 	
 	</delete>
 	
 	<update id="evUpdate" parameterType="ev_vo">
 		update ev_board set ev_sellcvs = #{ev_sellcvs} ,ev_subject = #{ev_subject}, ev_content = #{ev_content}, ev_notice = #{ev_notice} where ev_idx = #{ev_idx}
 	</update>
 	
 	 <select id="evSelectNotice" resultType="ev_vo">
 		select * from ev_board where ev_notice = 'yes' order by ev_idx desc
 	</select>
 	
 	<!-- 스케줄들 관련된 sql 명령문들 -->
 	
	<!-- 모든 스케줄을 받아오는 용도 -->
	<select id="initSchedList" resultType="sche_vo">
	 	select * from schedule
	</select>
	
	<!-- 스케줄을 추가하는 용도 -->
	<insert id="insertSched" parameterType="sche_vo">
	 	insert into schedule (syear, smonth, sday, eyear, emonth, eday, event, gup)
	 	values (#{sYear}, #{sMonth}, #{sDay}, #{eYear}, #{eMonth}, #{eDay}, #{event}, schedule_gup_seq.nextval)
 	</insert>

	<!-- 스케줄을 수정해주는 용도 -->
	 <update id="updateSched" parameterType="sche_vo">
 		update schedule set syear = #{sYear}, smonth = #{sMonth}, sday = #{sDay}, eyear = #{eYear}, emonth = #{eMonth}, eday = #{eDay}, event = #{event} where gup = #{gup}
 	</update>

	<!-- 스케줄을 삭제해주는 용도 -->
 	<delete id="deleteSched" parameterType="int">
		delete from schedule where gup = #{gup} 	
 	</delete>
 	
 	<!-- 특정 카테고리의 게시글의 수를 받아오는 명령문 -->
 	<select id="evSelectCountCategory" parameterType="param" resultType="int">
 		select count(*) from ev_board where ev_sellcvs = #{category}
 	</select>
 	
 	<!--  -->
 	<select id="evSelectListCategory" parameterType="param" resultType="ev_vo">
		<![CDATA[  
 		select * from (
			select rownum rnum, GG.* from (
				select * from ev_board where trim(ev_sellcvs) = #{category} order by ev_idx desc
			) GG where rownum <= #{endNo}
		) where rnum >= #{startNo}	
		]]>
 	</select>
 	
 	<select id="evSelectCountMulti" parameterType="param" resultType="int">
 		<!-- 카테고리가 "전체"일 경우 -->
 		<if test="category.equals('전체')">
 			select count(*) from ev_board where ev_subject like '%'||#{searchText}||'%'
 		</if>
 		<!-- 카테고리가 "전체"가 아닐 경우 -->
 		<if test="!category.equals('전체')">
 			select count(*) from ev_board where ev_sellcvs = #{category} and ev_subject like '%'||#{searchText}||'%'
 		</if>
 	</select>
 	
 	 <select id="evSelectListMulti" parameterType="param" resultType="ev_vo">
 	 	<!-- 카테고리가 "전체"일 경우 -->
 	 	<if test='category.equals("전체")'>
			<![CDATA[  
	 		select * from (
				select rownum rnum, GG.* from (
					select * from ev_board where ev_subject like '%'||#{searchText}||'%' order by ev_idx desc
				) GG where rownum <= #{endNo}
			) where rnum >= #{startNo}	
			]]> 	 	
 	 	</if>
 	 	<!-- 카테고리가 "전체"가 아닐 경우 -->
 	 	<if test="!category.equals('전체')">
			<![CDATA[  
	 		select * from (
				select rownum rnum, GG.* from (
					select * from ev_board where trim(ev_sellcvs) = #{category} 
						and ev_subject like '%'||#{searchText}||'%' order by ev_idx desc
				) GG where rownum <= #{endNo}
			) where rnum >= #{startNo}	
			]]>
		</if>
 	</select>


	<!-- 어드민에 들어가는 코드 -->
	<select id="aebSelectList" resultType="ev_vo">
	select * from ev_board where ev_notice = 'yes'	
	</select>
		



</mapper>














