<?xml version="1.0" encoding="UTF-8" ?>
<!DOCTYPE mapper PUBLIC "-//mybatis.org//DTD Mapper 3.0//EN" "http://mybatis.org/dtd/mybatis-3-mapper.dtd">
<mapper namespace="project.board.free.FreeboardVO">

 	<insert id="fbInsert" parameterType="fb_vo">
	 	insert into fb_board (fb_idx, fb_subject, fb_content, fb_notice, id, nickname) 
	 	values (fb_board_idx_seq.nextval, #{fb_subject}, #{fb_content}, #{fb_notice}, #{id}, #{nickname})
 	</insert>
 	
 	 <select id="fbSelectCount" resultType="int">
 		select count(*) from fb_board
 	</select>
 	
 	 <select id="fbSelectList" parameterType="java.util.HashMap" resultType="fb_vo">
 		<![CDATA[
 		select * from (
 			select rownum rnum, GG.* from (
 				select * from fb_board order by fb_idx desc
 			) GG where rownum <= #{endNo}
 		) where rnum >= #{startNo}		
 		]]>
 	</select>
 	
 	<update id="fbIncrement" parameterType="int">
 		update fb_board set fb_hit = fb_hit + 1 where fb_idx = #{fb_idx}
 	</update>
 	
 	<select id="fbSelectByIdx" parameterType="int" resultType="fb_vo">
 		select * from fb_board where fb_idx = #{fb_idx}
 	</select>
 	
 	<delete id="fbDelete" parameterType="int">
		delete from fb_board where fb_idx = #{fb_idx} 	
 	</delete>
 	
 	<update id="fbUpdate" parameterType="fb_vo">
 		update fb_board set fb_subject = #{fb_subject}, fb_content = #{fb_content}, fb_notice = #{fb_notice} where fb_idx = #{fb_idx}
 	</update>
 	
 	 <select id="fbSelectNotice" resultType="fb_vo">
 		select * from fb_board where fb_notice = 'yes' order by fb_idx desc
 	</select>
 	
 	
 	
 	
 	
 	
 	
 	
 	
 	
 	<!-- admin에 쓰임  -->
 	
	 <select id="abSelectList" resultType="fb_vo">
 		select * from fb_board where fb_notice = 'yes' 
	</select>
</mapper>














