<?xml version="1.0" encoding="UTF-8" ?>
<!DOCTYPE mapper PUBLIC "-//mybatis.org//DTD Mapper 3.0//EN" "http://mybatis.org/dtd/mybatis-3-mapper.dtd">
<mapper namespace="project.member.MemberVO">

	<!-- 회원가입 1건을 저장한다. -->
	<insert id="mbInsert" parameterType="mb_vo">
		insert into member (id, password, nickname, email) 
		values (#{id}, #{password}, #{nickname}, #{email})
	</insert>
	
	<update id="mbChangePassword" parameterType="mb_vo">
		update member set password =
	</update>
	
	<!-- MemberVO에서 String id를 넘겨받아서 같은 아이디를 가진 memberVO를 찾아주는 명령문 -->
	 <select id="mbSearch" resultType="mb_vo" parameterType="String">
   		 select * from member where id=#{id}
  	</select>
  	
	 <select id="selectById" resultType="mb_vo" parameterType="String">
   		 select * from member where id=#{id}
  	</select>
  	
	<update  id="update" parameterType="mb_vo">
		update member set nickname = #{nickname}, email = #{email}, password = #{password} where id = #{id} 
	</update>
	
	
	
	
	
<!-- admin에 쓰임  -->
	<select id="amSelectList" resultType="mb_vo">
		select * from member order by signupdate desc
	</select>
	
	 <select id="amSelectAll" resultType="mb_vo" >
	select * from member order by signupdate
	</select>
	
	<select id="amSelectAdmin" resultType="mb_vo">
	select * from member where grade = 'y'
	</select>
	
	<select id="amSelectNomal" resultType="mb_vo">
	select * from member where grade = 'n'
	</select>
	
	<select id="amSelectWarning" resultType="mb_vo">
	select * from member where grade = 'w'
	</select>
	
	<select id="amSelectBlock" resultType="mb_vo">
	select * from member where grade = 'b'
	</select>
	
	
	<!-- admin block에 쓰임  -->
	
	<update id="adminBlockWerning" parameterType="mb_vo">
		update member set grade = 'w' where id = #{id}
	</update>
	
	<update id="adminBlockBlock" parameterType="mb_vo">
		update member set grade = 'b' where id = #{id}
	</update>
	
	<update id="adminBlockClear" parameterType="mb_vo">
		update member set grade = 'n' where id = #{id}
	</update>
</mapper>
