<?xml version="1.0" encoding="UTF-8" ?>
<!DOCTYPE configuration PUBLIC "-//mybatis.org//DTD Config 3.0//EN"
"http://mybatis.org/dtd/mybatis-3-config.dtd">
<configuration>

	<!-- 데이터베이스 연결 정보가 저장된 파일의 위치 -->
	<properties resource="project/mybatis/db.properties" />
	
	<typeAliases>
		<!-- 별명 설정 -->
		<typeAlias type="project.member.MemberVO" alias="mb_vo" />
		<typeAlias type="project.board.free.FreeboardVO" alias="fb_vo" />
		<typeAlias type="project.board.free.FreeboardCommentVO" alias="fbc_vo"/>
		<typeAlias type="project.board.event.EventboardVO" alias="ev_vo" />
		<typeAlias type="project.board.event.EventboardCommentVO" alias="evc_vo" />
		<typeAlias type="project.board.event.Param" alias="param"/>
		<typeAlias type="project.item.ItemVO" alias="item_vo" />
		<typeAlias type="project.item.ItemCommentVO" alias="item_co" />
		<typeAlias type="project.item.ItemAvgVO" alias="item_ao" />
		<typeAlias type="project.board.admin.AdminboardVO" alias="ab_vo" />
		<typeAlias type="project.util.calendar.ScheduleVO" alias="sche_vo"/>
	</typeAliases>
	
	<environments default="development">
		<environment id="development">
			<transactionManager type="JDBC" />
			<dataSource type="POOLED">
				<property name="driver" value="${driver}" />
				<property name="url" value="${url}" />
				<property name="username" value="${username}" />
				<property name="password" value="${password}" />
			</dataSource>
		</environment>
	</environments>
	
	<mappers>
		<!-- 실행할 sql 명령이 저장된 파일의 위치 -->
		<mapper resource="project/mybatis/member.xml" />
		<mapper resource="project/mybatis/freeboard.xml" />
		<mapper resource="project/mybatis/freeboardcomment.xml" />
		<mapper resource="project/mybatis/eventboard.xml" />
		<mapper resource="project/mybatis/eventboardcomment.xml" />
		<mapper resource="project/mybatis/item.xml" />
		<mapper resource="project/mybatis/itemComment.xml" />
	</mappers>
	
</configuration>















